type,id,linkedinUrl,content,contentAttributes/0/start,contentAttributes/0/length,contentAttributes/0/type,contentAttributes/0/hyperlink,contentAttributes/0/textLink,contentAttributes/0/company/id,contentAttributes/0/company/name,contentAttributes/0/company/linkedinUrl,contentAttributes/1/start,contentAttributes/1/length,contentAttributes/1/type,contentAttributes/1/hyperlink,contentAttributes/1/textLink,contentAttributes/1/profile/id,contentAttributes/1/profile/firstName,contentAttributes/1/profile/lastName,contentAttributes/1/profile/linkedinUrl,contentAttributes/1/profile/publicIdentifier,author/id,author/universalName,author/type,author/name,author/linkedinUrl,author/info,author/avatar/url,author/avatar/width,author/avatar/height,author/urn,postedAt/timestamp,postedAt/date,postedAt/postedAgoShort,postedAt/postedAgoText,postImages/0/url,postImages/0/width,postImages/0/height,socialContent/hideCommentsCount,socialContent/hideReactionsCount,socialContent/hideSocialActivityCounts,socialContent/hideShareAction,socialContent/hideSendAction,socialContent/hideRepostsCount,socialContent/hideViewsCount,socialContent/hideReactAction,socialContent/hideCommentAction,socialContent/shareUrl,socialContent/showContributionExperience,socialContent/showSocialDetail,header/text,entityId,shareUrn,shareLinkedinUrl,engagement/id,engagement/likes,engagement/comments,engagement/shares,engagement/reactions/0/type,engagement/reactions/0/count,engagement/reactions/1/type,engagement/reactions/1/count,query/sortBy,query/page,query/targetUrl,query/sessionId,postImages/1/url,postImages/1/width,postImages/1/height,postImages/2/url,postImages/2/width,postImages/2/height,postImages/3/url,postImages/3/width,postImages/3/height,postImages/4/url,postImages/4/width,postImages/4/height,postImages/5/url,postImages/5/width,postImages/5/height,engagement/reactions/2/type,engagement/reactions/2/count,contentAttributes/0/profile/id,contentAttributes/0/profile/firstName,contentAttributes/0/profile/lastName,contentAttributes/0/profile/linkedinUrl,contentAttributes/0/profile/publicIdentifier,contentAttributes/1/company/id,contentAttributes/1/company/name,contentAttributes/1/company/linkedinUrl,repostedBy/name,repostedBy/universalName,repostedBy/linkedinUrl,repostedAt/timestamp,repostedAt/date,header/linkedinUrl,header/imageLink,engagement/reactions/3/type,engagement/reactions/3/count,postVideo/thumbnailUrl,postVideo/videoUrl,contentAttributes/2/start,contentAttributes/2/length,contentAttributes/2/type,contentAttributes/2/company/id,contentAttributes/2/company/name,contentAttributes/2/company/linkedinUrl,contentAttributes/3/start,contentAttributes/3/length,contentAttributes/3/type,contentAttributes/3/profile/id,contentAttributes/3/profile/firstName,contentAttributes/3/profile/lastName,contentAttributes/3/profile/linkedinUrl,contentAttributes/3/profile/publicIdentifier,contentAttributes/4/start,contentAttributes/4/length,contentAttributes/4/type,contentAttributes/4/profile/id,contentAttributes/4/profile/firstName,contentAttributes/4/profile/lastName,contentAttributes/4/profile/linkedinUrl,contentAttributes/4/profile/publicIdentifier,contentAttributes/5/start,contentAttributes/5/length,contentAttributes/5/type,contentAttributes/5/profile/id,contentAttributes/5/profile/firstName,contentAttributes/5/profile/lastName,contentAttributes/5/profile/linkedinUrl,contentAttributes/5/profile/publicIdentifier,contentAttributes/6/start,contentAttributes/6/length,contentAttributes/6/type,contentAttributes/6/profile/id,contentAttributes/6/profile/firstName,contentAttributes/6/profile/lastName,contentAttributes/6/profile/linkedinUrl,contentAttributes/6/profile/publicIdentifier,contentAttributes/7/start,contentAttributes/7/length,contentAttributes/7/type,contentAttributes/7/profile/id,contentAttributes/7/profile/firstName,contentAttributes/7/profile/lastName,contentAttributes/7/profile/linkedinUrl,contentAttributes/7/profile/publicIdentifier,contentAttributes/8/start,contentAttributes/8/length,contentAttributes/8/type,contentAttributes/8/profile/id,contentAttributes/8/profile/firstName,contentAttributes/8/profile/lastName,contentAttributes/8/profile/linkedinUrl,contentAttributes/8/profile/publicIdentifier,contentAttributes/9/start,contentAttributes/9/length,contentAttributes/9/type,contentAttributes/9/profile/id,contentAttributes/9/profile/firstName,contentAttributes/9/profile/lastName,contentAttributes/9/profile/linkedinUrl,contentAttributes/9/profile/publicIdentifier,contentAttributes/10/start,contentAttributes/10/length,contentAttributes/10/type,contentAttributes/10/profile/id,contentAttributes/10/profile/firstName,contentAttributes/10/profile/lastName,contentAttributes/10/profile/linkedinUrl,contentAttributes/10/profile/publicIdentifier,contentAttributes/11/start,contentAttributes/11/length,contentAttributes/11/type,contentAttributes/11/profile/id,contentAttributes/11/profile/firstName,contentAttributes/11/profile/lastName,contentAttributes/11/profile/linkedinUrl,contentAttributes/11/profile/publicIdentifier,contentAttributes/12/start,contentAttributes/12/length,contentAttributes/12/type,contentAttributes/12/profile/id,contentAttributes/12/profile/firstName,contentAttributes/12/profile/lastName,contentAttributes/12/profile/linkedinUrl,contentAttributes/12/profile/publicIdentifier,contentAttributes/13/start,contentAttributes/13/length,contentAttributes/13/type,contentAttributes/13/profile/id,contentAttributes/13/profile/firstName,contentAttributes/13/profile/lastName,contentAttributes/13/profile/linkedinUrl,contentAttributes/13/profile/publicIdentifier,contentAttributes/2/profile/id,contentAttributes/2/profile/firstName,contentAttributes/2/profile/lastName,contentAttributes/2/profile/linkedinUrl,contentAttributes/2/profile/publicIdentifier,contentAttributes/3/company/id,contentAttributes/3/company/name,contentAttributes/3/company/linkedinUrl,contentAttributes/5/company/id,contentAttributes/5/company/name,contentAttributes/5/company/linkedinUrl,contentAttributes/7/company/id,contentAttributes/7/company/name,contentAttributes/7/company/linkedinUrl,postImages/6/url,postImages/6/width,postImages/6/height,postImages/7/url,postImages/7/width,postImages/7/height,article/title,article/subtitle,article/link,article/linkLabel,article/image/url,article/image/width,article/image/height,document/title,document/transcribedDocumentUrl,document/coverPages/0/width,document/coverPages/0/imageUrls/0,document/coverPages/0/imageUrls/1,document/coverPages/0/imageUrls/2,document/coverPages/0/height,document/totalPageCount,document/manifestUrl,document/manifest/asset,document/manifest/transcriptManifestUrl,document/manifest/transcribedDocumentUrl,document/manifest/scanRequiredForDownload,document/manifest/perResolutions/0/width,document/manifest/perResolutions/0/height,document/manifest/perResolutions/0/imageManifestUrl,document/manifest/perResolutions/1/width,document/manifest/perResolutions/1/height,document/manifest/perResolutions/1/imageManifestUrl,document/manifest/perResolutions/2/width,document/manifest/perResolutions/2/height,document/manifest/perResolutions/2/imageManifestUrl,document/manifest/perResolutions/3/width,document/manifest/perResolutions/3/height,document/manifest/perResolutions/3/imageManifestUrl,document/manifest/perResolutions/4/width,document/manifest/perResolutions/4/height,document/manifest/perResolutions/4/imageManifestUrl,engagement/reactions/4/type,engagement/reactions/4/count
post,7486388946403254275,,we are honoured to be recognized as the watch brand of the year at the jewelx global business awards at timex our heritage has always been our foundation while innovation continues to shape our future over the past year weve strengthened our journey through the launch of timex atelier celebrated global collaborations such as harry potter and collections that continue to resonate with consumers across generations these milestones together with our sustained business growth reflect the trust our consumers place in the timex brand and our commitment to delivering exceptional timepieces that combine timeless craftsmanship with contemporary design this recognition belongs to our teams partners and consumers whose passion collaboration and unwavering support inspire us every day as we look ahead we remain committed to building on this momentum and creating meaningful experiences for watch enthusiasts around the world indianretailercom deepak chhabra jewelx timex jewelleryretail retailinnovation indianretailer,,,companyname,,,,indianretailercom,,,,profilemention,,,acoaaaisvekbpzglijkmpwyutkisfymzirksm,deepak,chhabra,,deepakchhabra,69461745,timexgroupindialimited,company,timex group india limited,,followers,,400,400,69461745,1784894215203,tz,d,days ago • edited • visible to anyone on or off linkedin,,,,False,False,False,False,False,False,False,False,False,,False,True,,7486388946403254275,urnlishare,,7486388946403254275,64,3,2,like,63,praise,,date,1,,bfcaefdaecc,,,,,,,,,,,,,,,,,,,,,,,,,,,,,,,,,,,,,,,,,,,,,,,,,,,,,,,,,,,,,,,,,,,,,,,,,,,,,,,,,,,,,,,,,,,,,,,,,,,,,,,,,,,,,,,,,,,,,,,,,,,,,,,,,,,,,,,,,,,,,,,,,,,,,,,,,,,,,,,,,,,,,,,,,,,,,,,,,,,,,,,,,,,
post,7465371349801275393,,fy has been a landmark year for timex group india ltd a year defined by accelerated growth stronger profitability and deeper consumer relevance across the portfolio with total revenue reaching ₹ crores up over last year the business continued its strong upward trajectory driven by premiumisation designled innovation channel expansion and manufacturing scaleup over the last four years timex group india has grown its revenue from ₹ cr to ₹ cr delivering a robust cagr and reinforcing its position across the fashion premium and luxury watch segments key highlights • ebitda at ₹ cr up yoy • profit before tax at ₹ cr up yoy • strong traction across guess versace and adjacent lifestyle categories as the indian watch market continues evolving toward premium and lifestyledriven timepieces we remain focused on building a futureready business through innovation stronger brand experiences and sustainable profitable growth,,,,,,,,,,,,,,,,,,,69461745,timexgroupindialimited,company,timex group india limited,,followers,,400,400,69461745,1779883229685,tz,mo,months ago • visible to anyone on or off linkedin,,,,False,False,False,False,False,False,False,False,False,,False,True,,7465371349801275393,urnliugcpost,,7465371348278759426,109,4,7,like,98,praise,,date,1,,bfcaefdaecc,,,,,,,,,,,,,,,,empathy,,,,,,,,,,,,,,,,,,,,,,,,,,,,,,,,,,,,,,,,,,,,,,,,,,,,,,,,,,,,,,,,,,,,,,,,,,,,,,,,,,,,,,,,,,,,,,,,,,,,,,,,,,,,,,,,,,,,,,,,,,,,,,,,,,,,,,,,,,,,,,,,,,,,,,,,,,,,,,,,,,,,,,,,,,,
post,7421544555700887552,,join us at 𝐈𝐑𝐞𝐂 𝐱 𝐃𝐂 𝐈𝐧𝐝𝐢𝐚 as we welcome deepak chhabra managing director timex group india limited to the stage with extensive leadership experience across global brands deepak brings sharp insights on consumercentric growth innovation and scaling brands profitably in today’s competitive retail landscape catch his session on “why collaboration is a power strategy in the next wave of brand growth” and gain actionable perspectives on building stronger futureready brands – april hotel sheraton grand bengaluru register now contact now irecxdcindia retailleadership brandgrowth consumercentric businessstrategy industryleaders timex retailinnovation bengaluruevents,,,profilemention,,,,,,,,companyname,,,,,,,,13344439,indialicensingexpo,company,license india,,followers,,400,400,13344439,1769434107709,tz,mo,months ago • visible to anyone on or off linkedin,,,,False,False,False,False,False,False,False,False,False,,False,True,timex group india limited reposted this,7421544555700887552,urnlishare,,7421076880985911296,101,3,2,like,95,praise,,date,1,,bfcaefdaecc,,,,,,,,,,,,,,,,empathy,,acoaaaisvekbpzglijkmpwyutkisfymzirksm,deepak,chhabra,,deepakchhabra,,timex group india limited,,timex group india limited,timexgroupindialimited,,,tz,,,,,,,,,,,,,,,,,,,,,,,,,,,,,,,,,,,,,,,,,,,,,,,,,,,,,,,,,,,,,,,,,,,,,,,,,,,,,,,,,,,,,,,,,,,,,,,,,,,,,,,,,,,,,,,,,,,,,,,,,,,,,,,,,,,,,,,,,,,,,,,,,,,,,,,,,,,,,
post,7457409669590958080,,the magic is in the details for generations the world of harry potter has inspired courage curiosity and a belief that extraordinary things can be found in the everyday in that same spirit of adventure and craft timex in partnership with warner bros discovery global consumer products brings its heritage of watchmaking into a new realm of storytelling crafted for those who believe in both time and wonder the harry potter x timex collection brings the magic of the wizarding world to your wrist each watch reimagines a timeless classic with iconic symbols subtle surprises and a sense of discovery in every detail timex harrypotter harrypotterstyle watchlovers collab warner bros discovery harrypotter,,,companyname,,,,warner bros discovery,,,,companyname,,,,,,,,69461745,timexgroupindialimited,company,timex group india limited,,followers,,400,400,69461745,1777985017202,tz,mo,months ago • visible to anyone on or off linkedin,,,,False,False,False,False,False,False,False,False,False,,False,True,,7457409669590958080,urnliugcpost,,7457409666491469825,90,0,5,like,77,praise,,date,1,,bfcaefdaecc,,,,,,,,,,,,,,,,empathy,,,,,,,,harrypotter,,,,,,,,,appreciation,,,,,,,,,,,,,,,,,,,,,,,,,,,,,,,,,,,,,,,,,,,,,,,,,,,,,,,,,,,,,,,,,,,,,,,,,,,,,,,,,,,,,,,,,,,,,,,,,,,,,,,,,,,,,,,,,,,,,,,,,,,,,,,,,,,,,,,,,,,,,,,,,,,,,,,,,,
post,7364247184675901440,,the gentle tick of a watch the hum of real moments the sound of a typewriter and the clink of champagne glasses here is a snippet of what stepping into the analog world felt like we paused the rush and reclaimed time showcased the latest watches had heartfelt conversations about the simple joy of being present and lived the analog way like never before timexindia analoglife maketimeyours,,,,,,,,,,,,,,,,,,,69461745,timexgroupindialimited,company,timex group india limited,,followers,,400,400,69461745,1755773349923,tz,mo,months ago • visible to anyone on or off linkedin,,,,False,False,False,False,False,False,False,False,False,,False,True,,7364247184675901440,urnliugcpost,,7364247052798574594,83,4,3,like,81,praise,,date,1,,bfcaefdaecc,,,,,,,,,,,,,,,,empathy,,,,,,,,,,,,,,,,,,,,,,,,,,,,,,,,,,,,,,,,,,,,,,,,,,,,,,,,,,,,,,,,,,,,,,,,,,,,,,,,,,,,,,,,,,,,,,,,,,,,,,,,,,,,,,,,,,,,,,,,,,,,,,,,,,,,,,,,,,,,,,,,,,,,,,,,,,,,,,,,,,,,,,,,,,,
post,7441822001587195905,,timex group has partnered with sony pictures animation to promote the animated actioncomedy goat which released in indian cinemas on february in english and hindi set in an allanimal world the film follows a young goat named will who strives to prove that “smalls can ball” reflecting themes of perseverance and determination brandlicensing business news market update timex sonypicturesanimation goatmovie brandcollab moviepromotion entertainmentmarketing brandpartnership filmrelease popculture businessnews timex group india limited deepak chhabra stuti rishi yuvraj sikriwal rohit mishra anushree sharma akshay gahilot abhishek pathak vikas tripathi himanshu negi deepika jindal mukesh kumar fayyaz ahmed,,,companyname,,,,timex group,,,,companyname,,,,,,,,13344439,indialicensingexpo,company,license india,,followers,,400,400,13344439,1774268627545,tz,mo,months ago • visible to anyone on or off linkedin,,,,False,False,False,False,False,False,False,False,False,,False,True,timex group india limited reposted this,7441822001587195905,urnlishare,,7436697007202897920,40,0,4,like,40,,,date,1,,bfcaefdaecc,,,,,,,,,,,,,,,,,,,,,,,,sony pictures animation,,timex group india limited,timexgroupindialimited,,,tz,,,,,,,,,companyname,,timex group india limited,,,,profilemention,acoaaaisvekbpzglijkmpwyutkisfymzirksm,deepak,chhabra,,deepakchhabra,,,profilemention,acoaabefwbavnphmkrwisoqevirdjcus,stuti,rishi,,stutirishiaaab,,,profilemention,acoaaacndwbnsuhemjccdsurlwkcdttyy,yuvraj,sikriwal,,yuvrajsikriwal,,,profilemention,acoaaavkgbpuuagoeemsmukvawlhqiu,rohit,mishra,,rohitmishra,,,profilemention,acoaabzeyuqbiqhyyedrmlupnasujkcoca,akshay,gahilot,,akshaygahilotaa,,,profilemention,acoaadpkbxrdseedpntykkkegspcjmjy,abhishek,pathak,,abhishekpathak,,,profilemention,acoaaagmntgbmeqtjftdhaloimpyojzladbk,vikas,tripathi,,vikastripathi,,,profilemention,acoaaaqfwmabhzqzneamvteifokvhslti,himanshu,negi,,himanshunegibb,,,profilemention,acoaaantxwbzkjaqjnjfwowvrdwabpi,deepika,jindal,,deepikajindal,,,profilemention,acoaaaedunobjuskhghfsbgquezqoxlgkr,mukesh,kumar,,mukeshkumara,,,profilemention,acoaaaxysybecuvlnwhhahvieswqilsjg,fayyaz,ahmed,,fayyazahmed,,,,,,,,,,,,,,,,,,,,,,,,,,,,,,,,,,,,,,,,,,,,,,,,,,,,,,,,,
post,7391739312943521792,,we took fashion and time to the next level at the th edition of india beach fashion week ibfw as proud title sponsor of india’s biggest resort and beachwear showcase at timex india beach fashion week we brought our campaign analog life make time yours to life with the theme “live analog breathe beach” the event was a vibrant celebration of high fashion craftsmanship and the art of being present the highlight of the weekend was our grand finale with ace designer abhishek sharma where time literally became art a stunning chandelier installation crafted from a thousand timex watches illuminated the runway symbolizing how every moment connects to form something timeless each look embodied slow fashion and intentional design proving that true style like time is best experienced deliberately from runway artistry to creative collaborations timex india beach fashion week redefined how fashion lifestyle and time intersect proving once again that when timex meets the runway timeless moments are made timexindia ibfw analoglife maketimeyours,,,,,,,,,,,,,,,,,,,69461745,timexgroupindialimited,company,timex group india limited,,followers,,400,400,69461745,1762327984081,tz,mo,months ago • visible to anyone on or off linkedin,,,,False,False,False,False,False,False,False,False,False,,False,True,,7391739312943521792,urnliugcpost,,7391739172488851456,68,1,5,like,62,praise,,date,1,,bfcaefdaecc,,,,,,,,,,,,,,,,empathy,,,,,,,,,,,,,,,,,,,,,,,,,,,,,,,,,,,,,,,,,,,,,,,,,,,,,,,,,,,,,,,,,,,,,,,,,,,,,,,,,,,,,,,,,,,,,,,,,,,,,,,,,,,,,,,,,,,,,,,,,,,,,,,,,,,,,,,,,,,,,,,,,,,,,,,,,,,,,,,,,,,,,,,,,,,
post,7483459973448916993,,𝐋𝐮𝐱𝐮𝐫𝐲 𝐢𝐬 𝐞𝐯𝐨𝐥𝐯𝐢𝐧𝐠 𝐚𝐧𝐝 𝐬𝐨 𝐚𝐫𝐞 𝐭𝐡𝐞 𝐜𝐨𝐧𝐬𝐮𝐦𝐞𝐫𝐬 𝐝𝐫𝐢𝐯𝐢𝐧𝐠 𝐢𝐭𝐬 𝐠𝐫𝐨𝐰𝐭𝐡 join an insightful discussion on how luxury watch and accessory brands are balancing heritage with innovation creating immersive retail experiences and unlocking new opportunities across india’s growing luxury market 𝐅𝐞𝐚𝐭𝐮𝐫𝐢𝐧𝐠 deepak chhabra timex group india limited satish singh joker witch and sanchit arora a rotoris man rotoris moderated by ritu marya editorinchief indianretailercom retailer media jewelx luxuryretail luxurywatches retailinnovation customerexperience luxurylifestyle indianretailer retailleadership,,,profilemention,,,,,,,,companyname,,,,,,,,13344439,indialicensingexpo,company,license india,,followers,,400,400,13344439,1784195893633,tz,w,week ago • visible to anyone on or off linkedin,,,,False,False,False,False,False,False,False,False,False,,False,True,timex group india limited reposted this,7483459973448916993,urnlishare,,7483453257118404609,48,0,3,like,47,praise,,date,1,,bfcaefdaecc,,,,,,,,,,,,,,,,,,acoaaaisvekbpzglijkmpwyutkisfymzirksm,deepak,chhabra,,deepakchhabra,,timex group india limited,,timex group india limited,timexgroupindialimited,,,tz,,,,,,,,,profilemention,,,,,,companyname,,,,,,,,profilemention,acoaacgrvasbamlhowkbvymjujkapsphwgup,sanchit,arora a rotoris man,,sanchitaroraarotorismanb,,,companyname,,,,,,,,profilemention,acoaaaczaibdxysvuodhrzmskmmncmc,ritu,marya,,ritumarya,,,companyname,,,,,,,,,,,,,,,,,,,,,,,,,,,,,,,,,,,,,,,,,,,,,,,,,,,,,,acoaaalazvobdpsombcyzyoajcgafnhvoe,satish,singh,,meetsatish,,joker witch,,,rotoris,,,indianretailercom,,,,,,,,,,,,,,,,,,,,,,,,,,,,,,,,,,,,,,,,,,,,
post,7381287760923521024,,where the giorgio galli series left off timex atelier now carries forward the watches are not designed to announce themselves but to hold up under attention the materials we have selected for each piece capture our commitment to quality and the expression of a design language that speaks for itself timexatelier marinema,,,profilemention,,,,,,,,,,,,,,,,69461745,timexgroupindialimited,company,timex group india limited,,followers,,400,400,69461745,1759836139899,tz,mo,months ago • visible to anyone on or off linkedin,,,,False,False,False,False,False,False,False,False,False,,False,True,,7381287760923521024,urnliugcpost,,7381287759958822912,101,1,4,like,91,empathy,,date,1,,bfcaefdaecc,,,,,,,,,,,,,,,,praise,,acoaaacxabgbucyelwbuemyitftymocjw,giorgio,galli,,giorgiogallia,,,,,,,,,,,appreciation,,,,,,,,,,,,,,,,,,,,,,,,,,,,,,,,,,,,,,,,,,,,,,,,,,,,,,,,,,,,,,,,,,,,,,,,,,,,,,,,,,,,,,,,,,,,,,,,,,,,,,,,,,,,,,,,,,,,,,,,,,,,,,,,,,,,,,,,,,,,,,,,,,,,,,,,,,
post,7450070414925639680,,time well spent at our baddi manufacturing facility with the flipkart team the visit offered a closer look at the journey of a timex timepiece bringing to life over years of craftsmanship more importantly it served as a moment to come together align priorities and deepen a partnership that continues to evolve with shared ambition as we gear up for the festive season engagements like these go beyond operations they build trust strengthen alignment and reinforce our commitment to deliver with greater agility and precision much like the intricate workings of a watch it is this coming together of expertise intent and collaboration that keeps the business ticking seamlessly with a strong foundation across manufacturing distribution and aftersales we remain focused on scaling this partnership further unlocking new opportunities and delivering consistent value to customers across the country vivek gn kanav kalra bhaskar hoiyani deepak chhabra deepika jindal shruti gautam baruah shwetnisha bansal anand sagar sharma timexindia flipkart partnerships baddi retail ecommerce,,,profilemention,,,,,,,,profilemention,,,acoaabtvawbijrzqgkqthfrfprsfxegs,kanav,kalra,,kanavkalraa,69461745,timexgroupindialimited,company,timex group india limited,,followers,,400,400,69461745,1776235202533,tz,mo,months ago • edited • visible to anyone on or off linkedin,,,,False,False,False,False,False,False,False,False,False,,False,True,,7450070414925639680,urnliugcpost,,7450070413629423616,271,4,2,like,264,praise,,date,1,,bfcaefdaecc,,,,,,,,,,,,,,,,empathy,,acoaaahssasbpysaidgmqwsifsowarams,vivek,gn,,vivekgn,,,,,,,,,,,,,,,,,profilemention,,,,,,profilemention,acoaaaisvekbpzglijkmpwyutkisfymzirksm,deepak,chhabra,,deepakchhabra,,,profilemention,acoaaantxwbzkjaqjnjfwowvrdwabpi,deepika,jindal,,deepikajindal,,,profilemention,acoaaagwbaiblxmjcxzuiirvyuzhiwnasc,shruti,gautam baruah,,shrutigautambaruahab,,,profilemention,acoaaaggjybvuesywjfypgjfdokpfi,shwetnisha,bansal,,shwetnishabansal,,,profilemention,acoaaabshywbwbnifvywhiswmiiwavwcbjtgk,anand,sagar sharma,,anandsagarsharma,,,,,,,,,,,,,,,,,,,,,,,,,,,,,,,,,,,,,,,,,,,,,,,,,acoaabsamkblozbanlcieiwaccdvdczwnw,bhaskar,hoiyani,,bhaskarhoiyanib,,,,,,,,,,,,,,,,,,,,,,,,,,,,,,,,,,,,,,,,,,,,,,,,,,,,
post,7457396554270887936,,timex in partnership with warner bros discovery global consumer products has introduced the harry potter x timex collection bringing themed timepieces inspired by the wizarding world to the indian market drawing from the universe of harry potter the collection integrates storytelling elements with timex’s watchmaking design each piece incorporates recognisable symbols and references from the franchise translating them into wearable formats across multiple product lines read more deepak chhabra managing director timex group india limited brandlicensing businessnews market update timex warnerbrosdiscovery harrypotterxtimex collectionlaunch anand singh vikram sharma arjun nohwar amit jain sanjeev kumar swain srinivasan rajagopalan deepika jindal shruti gautam baruah debesh nayak arpit bhatia,,,companyname,,,,warner bros discovery,,,,profilemention,,,acoaaaisvekbpzglijkmpwyutkisfymzirksm,deepak,chhabra,,deepakchhabra,13344439,indialicensingexpo,company,license india,,followers,,400,400,13344439,1777981890266,tz,mo,months ago • visible to anyone on or off linkedin,,,,False,False,False,False,False,False,False,False,False,,False,True,timex group india limited reposted this,7457396554270887936,urnlishare,,7455852898057363456,89,0,8,like,86,empathy,,date,1,,bfcaefdaecc,,,,,,,,,,,,,,,,praise,,,,,,,,,,timex group india limited,timexgroupindialimited,,,tz,,,,,,,,,companyname,,timex group india limited,,,,profilemention,acoaaaeykbcorxvywrfmnmrdujqsiirqi,anand,singh,,singhanand,,,profilemention,acoaaabdubtryccnnqjmjlnzfznuwscwvqhw,vikram,sharma,,vikramsharmaa,,,profilemention,acoaaaemdbnmikbbeajtkcilrntyrbmowsm,arjun,nohwar,,arjunnohwar,,,profilemention,acoaaajbqfabvannfqxbtqycjekpxcibsns,amit,jain,,callamitjain,,,profilemention,acoaaakjybnrzcxlilphpvdsvxwxue,sanjeev kumar,swain,,sanjeevkumarswainsanjeevswain,,,profilemention,acoaaafrebolpysjhtnjczihtsbgbjxiyqi,srinivasan,rajagopalan,,srinivasanrajagopalanbba,,,profilemention,acoaaantxwbzkjaqjnjfwowvrdwabpi,deepika,jindal,,deepikajindal,,,profilemention,acoaaagwbaiblxmjcxzuiirvyuzhiwnasc,shruti,gautam baruah,,shrutigautambaruahab,,,profilemention,acoaaaoxsbbexxysmcdattxymkvmfg,debesh,nayak,,debeshnayaka,,,profilemention,acoaaabhqfmbqkcmcxhblfstsfpqbais,arpit,bhatia,,arpitbhatiaaba,,,,,,,,,,,,,,,,,,,,,,,,,,,,,,,,,,,,,,,,,,,,,,,,,,,,,,,,,,,,,,,,,
post,7380584166058315776,,welcome to the next chapter timexatelier a legacy of modernity giorgio galli,,,profilemention,,,,,,,,,,,,,,,,69461745,timexgroupindialimited,company,timex group india limited,,followers,,400,400,69461745,1759668389811,tz,mo,months ago • visible to anyone on or off linkedin,,,,False,False,False,False,False,False,False,False,False,,False,True,,7380584166058315776,urnliugcpost,,7380584045878902784,38,2,1,like,35,praise,,date,1,,bfcaefdaecc,,,,,,,,,,,,,,,,appreciation,,acoaaacxabgbucyelwbuemyitftymocjw,giorgio,galli,,giorgiogallia,,,,,,,,,,,,,,,,,,,,,,,,,,,,,,,,,,,,,,,,,,,,,,,,,,,,,,,,,,,,,,,,,,,,,,,,,,,,,,,,,,,,,,,,,,,,,,,,,,,,,,,,,,,,,,,,,,,,,,,,,,,,,,,,,,,,,,,,,,,,,,,,,,,,,,,,,,,,,,,,,,,,,
post,7478800846210613248,,we are honored to be named one of the et edge best organisations to work marking our second consecutive year receiving this prestigious award this title reflects the culture weve built together one that empowers people encourages innovation embraces collaboration and inspires excellence this culture is driving timex group indias transformation and growth to every member of the timex family thank you for making this achievement possible this recognition belongs to all of you and inspires us to continue creating a workplace where people performance and purpose go hand in hand heres to many more milestones ahead timexindia bestorganisationstowork workplaceculture,,,,,,,,,,,,,,,,,,,69461745,timexgroupindialimited,company,timex group india limited,,followers,,400,400,69461745,1783085071137,tz,w,weeks ago • visible to anyone on or off linkedin,,,,False,False,False,False,False,False,False,False,False,,False,True,,7478800846210613248,urnlishare,,7478800846210613248,90,4,3,like,87,empathy,,date,1,,bfcaefdaecc,,,,,,,,,,,,,,,,praise,,,,,,,,,,,,,,,,,appreciation,,,,,,,,,,,,,,,,,,,,,,,,,,,,,,,,,,,,,,,,,,,,,,,,,,,,,,,,,,,,,,,,,,,,,,,,,,,,,,,,,,,,,,,,,,,,,,,,,,,,,,,,,,,,,,,,,,,,,,,,,,,,,,,,,,,,,,,,,,,,,,,,,,,,,,,,,,
post,7478401181803794432,,luxury watches and accessories are no longer just about craftsmanship they reflect personal style evolving aspirations and a timeless sense of identity join deepak chhabra managing director timex group india limited at 𝐉𝐞𝐰𝐞𝐥𝐗 as he shares insights on 𝐋𝐮𝐱𝐮𝐫𝐲 𝐖𝐚𝐭𝐜𝐡𝐞𝐬 𝐀𝐜𝐜𝐞𝐬𝐬𝐨𝐫𝐢𝐞𝐬 𝐒𝐡𝐚𝐩𝐢𝐧𝐠 𝐭𝐡𝐞 𝐅𝐮𝐭𝐮𝐫𝐞 𝐨𝐟 𝐓𝐢𝐦𝐞𝐥𝐞𝐬𝐬 𝐋𝐮𝐱𝐮𝐫𝐲 with over two decades of experience across consumer retail lifestyle and sportswear industries deepak will explore the trends opportunities and changing consumer preferences driving the next chapter of luxury retail july pm – pm jw marriott sahar mumbai jewelx deepakchhabra timex luxurywatches luxuryaccessories watchindustry luxuryretail retailleadership indianretailer luxurybrands mumbaievents,,,profilemention,,,,,,,,companyname,,,,,,,,13344439,indialicensingexpo,company,license india,,followers,,400,400,13344439,1782989783717,tz,w,weeks ago • visible to anyone on or off linkedin,,,,False,False,False,False,False,False,False,False,False,,False,True,timex group india limited reposted this,7478401181803794432,urnlishare,,7478379854715965440,79,0,3,like,78,empathy,,date,1,,bfcaefdaecc,,,,,,,,,,,,,,,,,,acoaaaisvekbpzglijkmpwyutkisfymzirksm,deepak,chhabra,,deepakchhabra,,timex group india limited,,timex group india limited,timexgroupindialimited,,,tz,,,,,,,,,,,,,,,,,,,,,,,,,,,,,,,,,,,,,,,,,,,,,,,,,,,,,,,,,,,,,,,,,,,,,,,,,,,,,,,,,,,,,,,,,,,,,,,,,,,,,,,,,,,,,,,,,,,,,,,,,,,,,,,,,,,,,,,,,,,,,,,,,,,,,,,,,,,,,
post,7467558251031695360,,deepak chhabra does not sound like a man who is worried as managing director of timex group india limited he has brands in his stable a portfolio that spans value timepieces to nearluxury and a growth rate that is making the rest of the watch industry look sluggish in a market that grew timex group india grew at in the last months reported the number is not a typo chhabra says it plainly without fanfare as though it is simply the logical outcome of a strategy that has been years in the making by sakshi dhingra read more get all the latest news and updates on our whatsapp channel subscribe to our daily brief newsletter brand marketing,,,profilemention,,,,,,,,companyname,,,,,,,,76199467,brandstoryboard,company,storyboard,,followers,,400,400,76199467,1780404627569,tz,mo,months ago • edited • visible to anyone on or off linkedin,,,,False,False,False,False,False,False,False,False,False,,False,True,timex group india limited reposted this,7467558251031695360,urnlishare,,7460914931958378496,365,24,3,like,335,praise,,date,1,,bfcaefdaecc,,,,,,,,,,,,,,,,empathy,,acoaaaisvekbpzglijkmpwyutkisfymzirksm,deepak,chhabra,,deepakchhabra,,timex group india limited,,timex group india limited,timexgroupindialimited,,,tz,,,,,,,,,profilemention,,,,,,,,,,,,,,,,,,,,,,,,,,,,,,,,,,,,,,,,,,,,,,,,,,,,,,,,,,,,,,,,,,,,,,,,,,,,,,,,,,,,,,,,,,,,acoaacxagbwycqgnuoeqhcqaknkthdla,sakshi,dhingra,,sakshidhingra,,,,,,,,,,,,,,,,,,,,,,,,,,,,,,,,,,,,,,,,,,,,,,,,,,,,
post,7455525587756179456,,a proud win at the labels awards as deepak chhabra managing director of timex group india limited is recognized for excellence in brand licensing and retail innovation with a legacy brand like timex this recognition reflects a strong focus on evolving with the modern consumer while staying true to timeless craftsmanship and design it stands as a reflection of building relevance through the right mix of heritage innovation and strategic partnerships labelsawards timex deepakchhabra brandlicensing retailexcellence indiaretailer legacybrands,,,profilemention,,,,,,,,companyname,,,,,,,,13344439,indialicensingexpo,company,license india,,followers,,400,400,13344439,1777535817088,tz,mo,months ago • visible to anyone on or off linkedin,,,,False,False,False,False,False,False,False,False,False,,False,True,timex group india limited reposted this,7455525587756179456,urnlishare,,7455138582455013376,158,16,2,like,150,praise,,date,1,,bfcaefdaecc,,,,,,,,,,,,,,,,empathy,,acoaaaisvekbpzglijkmpwyutkisfymzirksm,deepak,chhabra,,deepakchhabra,,timex group india limited,,timex group india limited,timexgroupindialimited,,,tz,,,,,,,,,,,,,,,,,,,,,,,,,,,,,,,,,,,,,,,,,,,,,,,,,,,,,,,,,,,,,,,,,,,,,,,,,,,,,,,,,,,,,,,,,,,,,,,,,,,,,,,,,,,,,,,,,,,,,,,,,,,,,,,,,,,,,,,,,,,,,,,,,,,,,,,,,,,,,
post,7471139582755946497,,the architecture of time timex atelier represents the most refined expression of timexs modern design philosophy rooted in proportion clarity and restraint in its third chapter timex atelier introduces its first chronograph expressions extending its design language into measured time guided by the principles that have defined timex for generations the new atelier chronographs embody a distinctly modern perspective one that values thoughtful design enduring craftsmanship and quiet confidence “chronographs can easily become visually heavy” said giorgio galli chief creative director timex group “with these watches the focus was restraint every element is there for a reason the proportions are carefully resolved so the complexity feels calm modern and wearable” together the chronograph automatic ma ti and chronograph quartz mq extend the timex atelier philosophy into a new category two distinct approaches to timekeeping one mechanical and one quartz unified by clarity proportion and control continuing a watchmaking legacy more than years in the making timex atelier defines a vision rooted not in nostalgia but in modernity timexatelier watchmaking luxurywatches chronomati chronomq,,,profilemention,,,,,,,,,,,,,,,,69461745,timexgroupindialimited,company,timex group india limited,,followers,,400,400,69461745,1781258483590,tz,mo,month ago • visible to anyone on or off linkedin,,,,False,False,False,False,False,False,False,False,False,,False,True,,7471139582755946497,urnliugcpost,,7471139486823800834,40,0,5,like,36,praise,,date,1,,bfcaefdaecc,,,,,,,,,,,,,,,,empathy,,acoaaacxabgbucyelwbuemyitftymocjw,giorgio,galli,,giorgiogallia,,,,,,,,,,,appreciation,,,,,,,,,,,,,,,,,,,,,,,,,,,,,,,,,,,,,,,,,,,,,,,,,,,,,,,,,,,,,,,,,,,,,,,,,,,,,,,,,,,,,,,,,,,,,,,,,,,,,,,,,,,,,,,,,,,,,,,,,,,,,,,,,,,,,,,,,,,,,,,,,,,,,,,,,,
post,7412056089615212544,,from the track to the wrist an unforgettable launch the news that spotlighted the debut of aston martin watches driving the momentum as we enter this new era of modern luxury astonmartin timexgroup,,,,,,,,,,,,,,,,,,,69461745,timexgroupindialimited,company,timex group india limited,,followers,,400,400,69461745,1767171881107,tz,mo,months ago • visible to anyone on or off linkedin,,,,False,False,False,False,False,False,False,False,False,,False,True,,7412056089615212544,urnliugcpost,,7412056088843345921,186,1,8,like,172,empathy,,date,1,,bfcaefdaecc,,,,,,,,,,,,,,,,praise,,,,,,,,,,,,,,,,,appreciation,,,,,,,,,,,,,,,,,,,,,,,,,,,,,,,,,,,,,,,,,,,,,,,,,,,,,,,,,,,,,,,,,,,,,,,,,,,,,,,,,,,,,,,,,,,,,,,,,,,,,,,,,,,,,,,,,,,,,,,,,,,,,,,,,,,,,,,,,,,,,,,,,,,,,,,,,,
post,7407056071590154240,,a new icon joins our legacy timex group x aston martin calling out to the collectors connoisseurs and style drivers we are proud to introduce one of the world’s most revered names in the luxury automotive excellence aston martin to the world of watchmaking aston martin becomes the latest prestigious addition to our growing family of global brands further solidifying timex group’s position as a powerhouse in the world of watches as we blend aston martin’s legendary performance dna with our heritage of craftsmanship we are set to create truly remarkable collections that will excite the consumers and expand our reach into the world of modern luxury “with the demand for premium and designled timepieces steadily rising in india timex group is proud to cater to this growing segment through collaborations that bring exceptional products to discerning consumers we are thrilled to embark on this partnership with aston martin in india their heritage and distinctive design ethos align seamlessly with our commitment to craftsmanship and innovation” shared deepak chhabra managing director timex group india,,,profilemention,,,,,,,,,,,,,,,,69461745,timexgroupindialimited,company,timex group india limited,,followers,,400,400,69461745,1765979783914,tz,mo,months ago • visible to anyone on or off linkedin,,,,False,False,False,False,False,False,False,False,False,,False,True,,7407056071590154240,urnliugcpost,,7407055916845412353,97,0,8,like,86,empathy,,date,1,,bfcaefdaecc,,,,,,,,,,,,,,,,praise,,acoaaaisvekbpzglijkmpwyutkisfymzirksm,deepak,chhabra,,deepakchhabra,,,,,,,,,,,appreciation,,,,,,,,,,,,,,,,,,,,,,,,,,,,,,,,,,,,,,,,,,,,,,,,,,,,,,,,,,,,,,,,,,,,,,,,,,,,,,,,,,,,,,,,,,,,,,,,,,,,,,,,,,,,,,,,,,,,,,,,,,,,,,,,,,,,,,,,,,,,,,,,,,,,,,,,,,
post,7393613452763770880,,a recordbreaking quarter for timex group india ltd from robust revenue growth to standout brand and channel performance q fy marked another milestone in our journey of consistent excellence we delivered our bestever quarter with growth in revenue and growth in pbt driven by the collective focus and innovation across teams and partners our core brands timex guess and versace continued to lead across channels while the expansion of our quickcommerce partnerships and launch of exciting global collaborations like timex x superman jacquie aiche and tv boy further strengthened our premium positioning highlights q fy • revenue growth pbt growth • ecommerce up trade channel up • versace timex guess • new collaborations luxury expansion with announcement of aston martin collaboration launch of guess automatic watches and expansion of guess jewellery timex financialresults fy leadership timexindia growth businessexcellence,,,,,,,,,,,,,,,,,,,69461745,timexgroupindialimited,company,timex group india limited,,followers,,400,400,69461745,1762774813834,tz,mo,months ago • visible to anyone on or off linkedin,,,,False,False,False,False,False,False,False,False,False,,False,True,,7393613452763770880,urnliugcpost,,7393613451782381568,83,1,2,like,77,praise,,date,1,,bfcaefdaecc,,,,,,,,,,,,,,,,empathy,,,,,,,,,,,,,,,,,,,,,,,,,,,,,,,,,,,,,,,,,,,,,,,,,,,,,,,,,,,,,,,,,,,,,,,,,,,,,,,,,,,,,,,,,,,,,,,,,,,,,,,,,,,,,,,,,,,,,,,,,,,,,,,,,,,,,,,,,,,,,,,,,,,,,,,,,,,,,,,,,,,,,,,,,,,
post,7380972386273222656,,discover luxury the timex way the timex atelier marine ma is the first in a series of timex atelier editions that continue to showcase our modernist design vision this is a mm swissmade automatic tool watch engineered with modern sensibility for daily use every surface has been shaped to balance proportion giving the watch a presence that wears smaller on the wrist let’s break it down the case measures mm extending to mm with the top ring a detail made possible by its refined case architecture a new era years in the making starts now timexatelier marinema giorgio galli,,,profilemention,,,,,,,,,,,,,,,,69461745,timexgroupindialimited,company,timex group india limited,,followers,,400,400,69461745,1759760948723,tz,mo,months ago • visible to anyone on or off linkedin,,,,False,False,False,False,False,False,False,False,False,,False,True,,7380972386273222656,urnliugcpost,,7380972385111437313,97,2,5,like,87,praise,,date,1,,bfcaefdaecc,,,,,,,,,,,,,,,,empathy,,acoaaacxabgbucyelwbuemyitftymocjw,giorgio,galli,,giorgiogallia,,,,,,,,,,,appreciation,,,,,,,,,,,,,,,,,,,,,,,,,,,,,,,,,,,,,,,,,,,,,,,,,,,,,,,,,,,,,,,,,,,,,,,,,,,,,,,,,,,,,,,,,,,,,,,,,,,,,,,,,,,,,,,,,,,,,,,,,,,,,,,,,,,,,,,,,,,,,,,,,,,,,,,,,,
post,7459897165113577472,,for over years timex has created watches that do more than tell time they become part of the moments that define us today we introduce signio a new franchise from timex india designed as a refined expression of men’s occasion wear rooted in our heritage of analog craftsmanship signio is created for moments that deserve presence bringing together automatic watches slim silhouettes and multifunction designs shaped by timeless style and modern sophistication as part of timex’s growing portfolio of core franchises in india alongside waterbury marlin q timex vector and fria signio marks a new chapter in our watchmaking journey designed for a generation that values craftsmanship individuality and intentional style timexindia timexsignio masteryinmotion watchmaking analoglife maketimeyours,,,,,,,,,,,,,,,,,,,69461745,timexgroupindialimited,company,timex group india limited,,followers,,400,400,69461745,1778578082350,tz,mo,months ago • visible to anyone on or off linkedin,,,,False,False,False,False,False,False,False,False,False,,False,True,,7459897165113577472,urnliugcpost,,7459897163351994368,95,3,8,like,89,praise,,date,1,,bfcaefdaecc,,,,,,,,,,,,,,,,interest,,,,,,,,,,,,,,,,,,,,,,,,,,,,,,,,,,,,,,,,,,,,,,,,,,,,,,,,,,,,,,,,,,,,,,,,,,,,,,,,,,,,,,,,,,,,,,,,,,,,,,,,,,,,,,,,,,,,,,,,,,,,,,,,,,,,,,,,,,,,,,,,,,,,,,,,,,,,,,,,,,,,,,,,,,,
post,7454514266113593344,,three days one vision endless momentum the third edition of the timex growth partners convention brought together our partners to align celebrate achievements and set the course for what’s next season after season tgp reinforces a powerful truth when we move together we move faster and stronger tgp was a true celebration of partnership performance and shared ambition brought to life through meaningful conversations new launches and a clear focus on the future the theme for this year “ride the tide power in motion” reflects our ability to move with change stay agile and turn momentum into meaningful growth every moment reflected one belief we move forward together tgp powerinmotion ridethetide timexgroupindia partnerships growth,,,,,,,,,,,,,,,,,,,69461745,timexgroupindialimited,company,timex group india limited,,followers,,400,400,69461745,1777294699219,tz,mo,months ago • visible to anyone on or off linkedin,,,,False,False,False,False,False,False,False,False,False,,False,True,,7454514266113593344,urnliugcpost,,7454514156608704512,109,0,2,like,105,praise,,date,1,,bfcaefdaecc,,,,,,,,,,,,,,,,,,,,,,,,,,,,,,,,,,,,,,,,,,,,,,,,,,,,,,,,,,,,,,,,,,,,,,,,,,,,,,,,,,,,,,,,,,,,,,,,,,,,,,,,,,,,,,,,,,,,,,,,,,,,,,,,,,,,,,,,,,,,,,,,,,,,,,,,,,,,,,,,,,,,,,,,,,,,,,,,,,,,,,,,,,,
post,7411705661299953664,,was one for the books thank you to the editors writers creators and storytellers who featured timex this year your support keeps us ticking what was your favorite drop ⬇️ timexindia analoglife watchfam,,,,,,,,,,,,,,,,,,,69461745,timexgroupindialimited,company,timex group india limited,,followers,,400,400,69461745,1767088332486,tz,mo,months ago • visible to anyone on or off linkedin,,,,False,False,False,False,False,False,False,False,False,,False,True,,7411705661299953664,urnliugcpost,,7411705660448550912,80,4,6,like,74,praise,,date,1,,bfcaefdaecc,,,,,,,,,,,,,,,,empathy,,,,,,,,,,,,,,,,,,,,,,,,,,,,,,,,,,,,,,,,,,,,,,,,,,,,,,,,,,,,,,,,,,,,,,,,,,,,,,,,,,,,,,,,,,,,,,,,,,,,,,,,,,,,,,,,,,,,,,,,,,,,,,,,,,,,,,,,,,,,,,,,,,,,,,,,,,,,,,,,,,,,,,,,,,,
post,7481386784686301184,,a recognition to celebrate we are delighted to share that our managing director deepak chhabra has been honoured with the excellence in business transformation and leadership award at the economic times industry leaders a seasoned business leader with extensive experience driving growth and transformation across diverse industries deepak has led timex group india through a defining phase of evolution under his leadership the company has accelerated its growth journey advanced its premiumization strategy strengthened its digital and multichannel presence expanded its portfolio through global brands and collaborations and reinforced its position in indias evolving watch industry all while staying true to timexs rich watchmaking heritage this recognition is a testament to his vision the unwavering commitment of our teams and the trust of our partners and consumers as we continue to shape the next chapter of timex in india congratulations deepak chhabra on this welldeserved honour timexindia businessleadership economictimes,,,profilemention,,,,,,,,,,,,,,,,69461745,timexgroupindialimited,company,timex group india limited,,followers,,400,400,69461745,1783701606914,tz,w,weeks ago • visible to anyone on or off linkedin,,,,False,False,False,False,False,False,False,False,False,,False,True,,7481386784686301184,urnlishare,,7481386784686301184,285,41,0,like,266,praise,,date,1,,bfcaefdaecc,,,,,,,,,,,,,,,,empathy,,acoaaaisvekbpzglijkmpwyutkisfymzirksm,deepak,chhabra,,deepakchhabra,,,,,,,,,,,,,,,,,,,,,,,,,,,,,,,,,,,,,,,,,,,,,,,,,,,,,,,,,,,,,,,,,,,,,,,,,,,,,,,,,,,,,,,,,,,,,,,,,,,,,,,,,,,,,,,,,,,,,,,,,,,,,,,,,,,,,,,,,,,,,,,,,,,,,,,,,,,,,,,,,,,,,
post,7447911275407314945,,as artemis ii carries humanity beyond the moon we’re witnessing a defining moment in exploration driven by curiosity courage and the urge to go further in the same spirit timex introduces q timex x nasa paying homage to the apollo mission this cosmic reimagining of our ‘s q timex features a multifunction movement with day date and a sunmoon indicator a luminous moon on the subdial uses the same glowing infill as the hands and markers while the caseback reveals the iconic “blue marble timex nasa analoglife qtimex,,,,,,,,,,,,,,,,,,,69461745,timexgroupindialimited,company,timex group india limited,,followers,,400,400,69461745,1775720423557,tz,mo,months ago • visible to anyone on or off linkedin,,,,False,False,False,False,False,False,False,False,False,,False,True,,7447911275407314945,urnliugcpost,,7447911131634991104,64,0,5,like,60,empathy,,date,1,,bfcaefdaecc,,,,,,,,,,,,,,,,praise,,,,,,,,,,,,,,,,,appreciation,,,,,,,,,,,,,,,,,,,,,,,,,,,,,,,,,,,,,,,,,,,,,,,,,,,,,,,,,,,,,,,,,,,,,,,,,,,,,,,,,,,,,,,,,,,,,,,,,,,,,,,,,,,,,,,,,,,,,,,,,,,,,,,,,,,,,,,,,,,,,,,,,,,,,,,,,,
post,7356958758461210624,,proud to be recognised as one of the best brands for women by et edge at timex india we believe in creating an inclusive and empowering workplace where women thrive our manufacturing facility in baddi is a shining example with a strong and growing womens workforce driving precision passion and performance every day heres to the women of timex may your passion and expertise continue to inspire and propel us forward timexindia bestbrandsforwomen etedge maketimeyours,,,,,,,,,,,,,,,,,,,69461745,timexgroupindialimited,company,timex group india limited,,followers,,400,400,69461745,1754035653701,tz,mo,months ago • visible to anyone on or off linkedin,,,,False,False,False,False,False,False,False,False,False,,False,True,,7356958758461210624,urnliugcpost,,7356958757265842176,88,1,2,like,86,appreciation,,date,1,,bfcaefdaecc,,,,,,,,,,,,,,,,empathy,,,,,,,,,,,,,,,,,,,,,,,,,,,,,,,,,,,,,,,,,,,,,,,,,,,,,,,,,,,,,,,,,,,,,,,,,,,,,,,,,,,,,,,,,,,,,,,,,,,,,,,,,,,,,,,,,,,,,,,,,,,,,,,,,,,,,,,,,,,,,,,,,,,,,,,,,,,,,,,,,,,,,,,,,,,
post,7433169732423548930,,an upward trajectory in q fy q fy reflects the consistency of our strategy and the strength of execution at timex group india ltd with revenue growth and profit before tax before exceptional items tripling yearonyear the momentum continues across our premium and luxury portfolio the indian watch industry is steadily moving toward designled lifestyledriven timepieces and we are wellpositioned to lead this shift from the launch of aston martin watches in india to the expansion of our luxury and fashion portfolio and highervalue timex collections like the atelier range consumer response has been encouraging across channels highlights • revenue growth • x increase in profit before exceptional items tax • growth in the timex brand • strong traction across premium and luxury portfolios timexgroupindia earningsupdate qperformance financialresults premiumwatches,,,,,,,,,,,,,,,,,,,69461745,timexgroupindialimited,company,timex group india limited,,followers,,400,400,69461745,1772205765825,tz,mo,months ago • visible to anyone on or off linkedin,,,,False,False,False,False,False,False,False,False,False,,False,True,,7433169732423548930,urnliugcpost,,7433169731467038721,74,1,2,like,66,praise,,date,1,,bfcaefdaecc,,,,,,,,,,,,,,,,empathy,,,,,,,,,,,,,,,,,,,,,,,,,,,,,,,,,,,,,,,,,,,,,,,,,,,,,,,,,,,,,,,,,,,,,,,,,,,,,,,,,,,,,,,,,,,,,,,,,,,,,,,,,,,,,,,,,,,,,,,,,,,,,,,,,,,,,,,,,,,,,,,,,,,,,,,,,,,,,,,,,,,,,,,,,,,
post,7415375115007361024,,proud moment for the timex family we’re excited to share that timex world at lulu mall trivandrum has won the favourite watch destination award for standing out among leading watch brands and retailers the recognition awarded by a jury comprising lulu mall management and independent retail professionals is a strong testament to the brand’s growing consumer connect and retail excellence here’s to our teams on the ground who make this possible and to our customers who continue to place their trust in timex retailexcellence timexindia timexworld,,,,,,,,,,,,,,,,,,,69461745,timexgroupindialimited,company,timex group india limited,,followers,,400,400,69461745,1767963198425,tz,mo,months ago • visible to anyone on or off linkedin,,,,False,False,False,False,False,False,False,False,False,,False,True,,7415375115007361024,urnliugcpost,,7415375114265014272,84,2,2,like,81,praise,,date,1,,bfcaefdaecc,,,,,,,,,,,,,,,,empathy,,,,,,,,,,,,,,,,,,,,,,,,,,,,,,,,,,,,,,,,,,,,,,,,,,,,,,,,,,,,,,,,,,,,,,,,,,,,,,,,,,,,,,,,,,,,,,,,,,,,,,,,,,,,,,,,,,,,,,,,,,,,,,,,,,,,,,,,,,,,,,,,,,,,,,,,,,,,,,,,,,,,,,,,,,,
post,7473729777665736704,,celebrating a shared appreciation for the performance precision and uncompromising luxury of aston martin watches in mumbai as aston martin continues its journey with timex group india we brought together watch enthusiasts key media and tastemakers for an evening that captured the marques legendary spirit and unmistakable design language an experience that left a lasting impression on all those in attendance heres a look back at an evening that offered guests an opportunity to immerse themselves in the world of one of the most revered names in luxury and performance astonmartin timexgroupindia luxurywatches,,,,,,,,,,,,,,,,,,,69461745,timexgroupindialimited,company,timex group india limited,,followers,,400,400,69461745,1781876034180,tz,mo,month ago • visible to anyone on or off linkedin,,,,False,False,False,False,False,False,False,False,False,,False,True,,7473729777665736704,urnliugcpost,,7473729581359890433,46,0,3,like,44,appreciation,,date,1,,bfcaefdaecc,,,,,,,,,,,,,,,,interest,,,,,,,,,,,,,,,,,,,,,,,,,,,,,,,,,,,,,,,,,,,,,,,,,,,,,,,,,,,,,,,,,,,,,,,,,,,,,,,,,,,,,,,,,,,,,,,,,,,,,,,,,,,,,,,,,,,,,,,,,,,,,,,,,,,,,,,,,,,,,,,,,,,,,,,,,,,,,,,,,,,,,,,,,,,
post,7425142709843025922,,at elle list timex marked its second consecutive year as the official time partner continuing its association with an evening that celebrates stars fashion and culture timex watches seamlessly anchored the celebration complementing the moments of style and milestones backed by decades of watchmaking heritage and trusted craftsmanship the brand’s analog life philosophy reinforced a simple belief the most meaningful moments don’t need to be rushed or filtered they are meant to be lived with intention ellelist timexindia maketimeyours analoglife,,,,,,,,,,,,,,,,,,,69461745,timexgroupindialimited,company,timex group india limited,,followers,,400,400,69461745,1770291974507,tz,mo,months ago • visible to anyone on or off linkedin,,,,False,False,False,False,False,False,False,False,False,,False,True,,7425142709843025922,urnliugcpost,,7425142490909011968,74,0,5,like,73,praise,,date,1,,bfcaefdaecc,,,,,,,,,,,,,,,,,,,,,,,,,,,,,,,,,,,,,,,,,,,,,,,,,,,,,,,,,,,,,,,,,,,,,,,,,,,,,,,,,,,,,,,,,,,,,,,,,,,,,,,,,,,,,,,,,,,,,,,,,,,,,,,,,,,,,,,,,,,,,,,,,,,,,,,,,,,,,,,,,,,,,,,,,,,,,,,,,,,,,,,,,,,
post,7421547023105073152,,sab time time ki baat hai timex group india limited,,,companyname,,,,timex group india limited,,,,,,,,,,,,76108196,zeptonow,company,zepto,,followers,,400,400,76108196,1769434695984,tz,mo,months ago • visible to anyone on or off linkedin,,,,False,False,False,False,False,False,False,False,False,,False,True,timex group india limited reposted this,7421547023105073152,urnlishare,,7419972052486565889,181,4,5,like,176,empathy,,date,1,,bfcaefdaecc,,,,,,,,,,,,,,,,appreciation,,,,,,,,,,timex group india limited,timexgroupindialimited,,,tz,,,praise,,,,,,,,,,,,,,,,,,,,,,,,,,,,,,,,,,,,,,,,,,,,,,,,,,,,,,,,,,,,,,,,,,,,,,,,,,,,,,,,,,,,,,,,,,,,,,,,,,,,,,,,,,,,,,,,,,,,,,,,,,,,,,,,,,,,,,,,,,,,,,,,,,,,,,,,,,
post,7429585784481095680,,timex group is excited to welcome you at inhorgenta this year come visit us in hall a booth timexgroup inhorgenta,,,,,,,,,,,,,,,,,,,9329,timexgroup,company,timex group,,followers,,400,400,9329,1771351286049,tz,mo,months ago • visible to anyone on or off linkedin,,,,False,False,False,True,True,False,False,False,False,,False,True,,7429585784481095680,urnlishare,,7429585784481095680,48,0,4,like,44,praise,,date,1,,dafaedfbffd,,,,,,,,,,,,,,,,empathy,,,,,,,,,,,,,,,,,,,,,,,,,,,,,,,,,,,,,,,,,,,,,,,,,,,,,,,,,,,,,,,,,,,,,,,,,,,,,,,,,,,,,,,,,,,,,,,,,,,,,,,,,,,,,,,,,,,,,,,,,,,,,,,,,,,,,,,,,,,,,,,,,,,,,,,,,,,,,,,,,,,,,,,,,,,
post,7468039478557904896,,timex group is pleased to announce strategic investments in jane win and pictures on gold these investments expand our presence in the jewelry category and build on our existing partnership with jaxxon and jewelry growth at daniel wellington jewelry is a natural adjacency to watches with strong overlap in design sourcing and consumer positioning jane win brings a distinctive consumer brand with strong emotional resonance while pictures on gold adds differentiated personalization and manufacturing capabilities together these investments further position timex group at the intersection of watches jewelry and lifestyle accessories where we can leverage our global sourcing distribution and brandbuilding expertise to accelerate growth across our portfolio read the full press release,,,textlink,,,,,,,,,,,,,,,,9329,timexgroup,company,timex group,,followers,,400,400,9329,1780519361152,tz,mo,month ago • visible to anyone on or off linkedin,,,,False,False,False,True,True,False,False,False,False,,False,True,,7468039478557904896,urnlishare,,7468039478557904896,92,0,6,like,79,praise,,date,1,,dafaedfbffd,,,,,,,,,,,,,,,,empathy,,,,,,,,,,,,,,,,,appreciation,,,,,,,,,,,,,,,,,,,,,,,,,,,,,,,,,,,,,,,,,,,,,,,,,,,,,,,,,,,,,,,,,,,,,,,,,,,,,,,,,,,,,,,,,,,,,,,,,,,,,,,,,,,,,,,,,,,,,,timex group expands jewelry platform through strategic investments in jane win and pictures on gold,prnewswirecom,,open article timex group expands jewelry platform through strategic investments in jane win and pictures on gold by prnewswirecom,,,,,,,,,,,,,,,,,,,,,,,,,,,,,,,,,
post,7424208501314334720,,timex teamed up with sony pictures animations next feature film goat which makes its north american theatrical debut on february an original animated actioncomedy set in an allanimal world the film celebrates the underdog spirit in all of us a message timex has long embodied through its enduring heritage as the “greatest of all timekeepers” for more than years our watches have lived at the center of an analog life quietly keeping time for those who put in the work when no one is watching a timex is a reminder that greatness is earned moment by moment grind by grind and that real victories are built over time discover more at timexcomgoatmovie and see goat exclusively in theaters on february th timex goatmovie analoglife maketimeyours,,,companyname,,,,sony pictures animation,,,,textlink,,,,,,,,9329,timexgroup,company,timex group,,followers,,400,400,9329,1770069241837,tz,mo,months ago • visible to anyone on or off linkedin,,,,False,False,False,True,True,False,False,False,False,,False,True,,7424208501314334720,urnliugcpost,,7424208500509278208,134,3,13,like,118,empathy,,date,1,,dafaedfbffd,,,,,,,,,,,,,,,,praise,,,,,,,,,,,,,,,,,,,,,,,,,,,,,,,,,,,,,,,,,,,,,,,,,,,,,,,,,,,,,,,,,,,,,,,,,,,,,,,,,,,,,,,,,,,,,,,,,,,,,,,,,,,,,,,,,,,,,,,,,,,,,,,,,,,,,,,,,,,,,,,,,,,,,,,,,,,,,,,,,,,,,,,,,,,
post,7486448701071134720,,today were celebrating one of our own congratulations to our chief creative officer giorgio galli on receiving a communication arts award of excellence for his photographic exhibition series night stories communication arts is one of the worlds most respected creative publications honoring exceptional work selected by an international jury of industry leaders at timex group giorgios creative vision shapes much more than watches his passion for photography light architecture and storytelling inspires the way we think about design across our portfolio of brands congratulations on this welldeserved recognition giorgio timexgroup communicationartsawardofexcellence analoglife,,,profilemention,,,,,,,,,,,,,,,,9329,timexgroup,company,timex group,,followers,,400,400,9329,1784908461826,tz,d,days ago • visible to anyone on or off linkedin,,,,False,False,False,True,True,False,False,False,False,,False,True,,7486448701071134720,urnliugcpost,,7486448699951362048,90,4,2,like,73,praise,,date,1,,dafaedfbffd,,,,,,,,,,,,,,,,empathy,,acoaaacxabgbucyelwbuemyitftymocjw,giorgio,galli,,giorgiogallia,,,,,,,,,,,,,,,,,,,,,,,,,,,,,,,,,,,,,,,,,,,,,,,,,,,,,,,,,,,,,,,,,,,,,,,,,,,,,,,,,,,,,,,,,,,,,,,,,,,,,,,,,,,,,,,,,,,,,,,,,,,,,,,,,,,,,,,,giorgio galli communication arts award of excellence,,,,,,,,,urnlidigitalmediaassetdefaqhtowumcnta,,,true,,,,,,,,,,,,,,,,,
post,7385050600021082112,,modern time travel engineered the timex atelier gmt ma tracks local and distant hours with a swissmade automatic gmt movement framed under a glassbox sapphire crystal this is no relic of the jet age it’s a tool for the modern traveller discover more at timexatelier gmtma giorgio galli,,,textlink,,,,,,,,profilemention,,,acoaaacxabgbucyelwbuemyitftymocjw,giorgio,galli,,giorgiogallia,9329,timexgroup,company,timex group,,followers,,400,400,9329,1760733270650,tz,mo,months ago • visible to anyone on or off linkedin,,,,False,False,False,True,True,False,False,False,False,,False,True,,7385050600021082112,urnliugcpost,,7385050355262185472,131,6,10,like,115,praise,,date,1,,dafaedfbffd,,,,,,,,,,,,,,,,empathy,,,,,,,,,,,,,,,,,appreciation,,,,,,,,,,,,,,,,,,,,,,,,,,,,,,,,,,,,,,,,,,,,,,,,,,,,,,,,,,,,,,,,,,,,,,,,,,,,,,,,,,,,,,,,,,,,,,,,,,,,,,,,,,,,,,,,,,,,,,,,,,,,,,,,,,,,,,,,,,,,,,,,,,,,,,,,,,
post,7392238521068986368,,timex group is proud to announce our acquisition of a majority stake in daniel wellington marking the start of an exciting new chapter in our shared story this partnership brings together our heritage of craftsmanship and global manufacturing expertise with daniel wellington’s digitalfirst approach together we’ll continue to advance the future of timekeeping through design innovation and collaboration,,,companyname,,,,daniel wellington,,,,,,,,,,,,9329,timexgroup,company,timex group,,followers,,400,400,9329,1762447004573,tz,mo,months ago • visible to anyone on or off linkedin,,,,False,False,False,True,True,False,False,False,False,,False,True,,7392238521068986368,urnlishare,,7392238521068986368,323,11,22,like,274,praise,,date,1,,dafaedfbffd,,,,,,,,,,,,,,,,empathy,,,,,,,,,,,,,,,,,appreciation,,,,,,,,,,,,,,,,,,,,,,,,,,,,,,,,,,,,,,,,,,,,,,,,,,,,,,,,,,,,,,,,,,,,,,,,,,,,,,,,,,,,,,,,,,,,,,,,,,,,,,,,,,,,,,,,,,,,,,,,,,,,,,,,,,,,,,,,,,,,,,,,,,,,,,,,,interest,
post,7376988201300750337,,𝗧𝗶𝗺𝗲𝘅 𝗔𝘁𝗲𝗹𝗶𝗲𝗿 𝗔 𝗟𝗲𝗴𝗮𝗰𝘆 𝗼𝗳 𝗠𝗼𝗱𝗲𝗿𝗻𝗶𝘁𝘆 timex has been a watchmaker since over the past years we have been in constant pursuit of what is new relevant and next the timex legacy is not built on a single look or style it is built on an evolving commitment to modernity to design that reflects its time and sometimes moves just ahead of it timex atelier is the next chapter it is not a break from our past but a deliberate continuation of our key principles independence quality and timeless design alongside a commitment to value that has made timex trusted for generations where the giorgio galli series left off timex atelier now carries forward the watches are designed so that luxury the timex way is discovered in the details that matter most not to announce themselves but to hold up under attention timexatelier marinema giorgio galli,,,profilemention,,,,,,,,,,,,,,,,9329,timexgroup,company,timex group,,followers,,400,400,9329,1758811045003,tz,mo,months ago • visible to anyone on or off linkedin,,,,False,False,False,True,True,False,False,False,False,,False,True,,7376988201300750337,urnliugcpost,,7376988135848849408,150,6,22,like,133,empathy,,date,1,,dafaedfbffd,,,,,,,,,,,,,,,,praise,,acoaaacxabgbucyelwbuemyitftymocjw,giorgio,galli,,giorgiogallia,,,,,,,,,,,,,,,,,,,,,,,,,,,,,,,,,,,,,,,,,,,,,,,,,,,,,,,,,,,,,,,,,,,,,,,,,,,,,,,,,,,,,,,,,,,,,,,,,,,,,,,,,,,,,,,,,,,,,,,,,,,,,,,,,,,,,,,,,,,,,,,,,,,,,,,,,,,,,,,,,,,,,
post,7427715847202177024,,we design watches to last a lifetime and remain committed to helping keep our planet ticking today timex group is proud to release our sustainability report our second annual report focused on transparency accountability and continuous improvement across our global operations in meaningful progress was made across the areas central to our longterm sustainability strategy this included publishing our first climate transition plan outlining our pathway toward net zero by reducing water consumption by percent and diverting percent of waste from disposal integration of environmentally preferred materials expanded across upcoming collections and supply chain oversight was strengthened through social audits and the launch of a vendor sustainability scorecard our timex rewound circular program also continued to grow over the course of more than watches have been taken back with resold to customers and the remainder either awaiting resale or responsibly recycled this report reflects the collective efforts of teams across the organization and the continued partnership of cikis studio whose expertise has supported our sustainability journey over the past two years building products that last means building with intention and accountability for what comes next we are proud of the progress achieved and focused on the work ahead download the timex group sustainability report timexgroup sustainability responsibledesign climateaction circularity,,,textlink,,,,,,,,,,,,,,,,9329,timexgroup,company,timex group,,followers,,400,400,9329,1770905458260,tz,mo,months ago • visible to anyone on or off linkedin,,,,False,False,False,True,True,False,False,False,False,,False,True,,7427715847202177024,urnlishare,,7427715847202177024,63,0,11,like,54,praise,,date,1,,dafaedfbffd,,,,,,,,,,,,,,,,empathy,,,,,,,,,,,,,,,,,,,,,,,,,,,,,,,,,,,,,,,,,,,,,,,,,,,,,,,,,,,,,,,,,,,,,,,,,,,,,,,,,,,,,,,,,,,,,,,,,,,,,,,,,,,,,,,,,,,,,,,,,,,,,,,,,,,,,,,,,,,,,,,,,,,,,,,,,,,,,,,,,,,,,,,,,,,
